{
  "name": "Gestione Appuntamenti v4",
  "short_name": "App Cliente",
  "description": "Gestione consensi e servizi medici",
  "start_url": "/client",
  "display": "standalone",
  "background_color": "#ffffff",
  "theme_color": "#4f46e5",
  "orientation": "any",
  "categories": [
    "healthcare",
    "business"
  ],
  "lang": "it-IT",
  "dir": "ltr",
  "prefer_related_applications": false,
  "scope": "/",
  "id": "gestione-appuntamenti-client-v4",
  "icons": [
    {
      "src": "/icons/custom-icon-96x96.png",
      "sizes": "96x96",
      "type": "image/png",
      "purpose": "any"
    },
    {
      "src": "/icons/custom-icon-192x192.png",
      "sizes": "192x192",
      "type": "image/png",
      "purpose": "any maskable"
    },
    {
      "src": "/icons/custom-icon-512x512.png",
      "sizes": "512x512",
      "type": "image/png",
      "purpose": "any maskable"
    }
  ],
  "screenshots": [
    {
      "src": "/icons/icon-512x512.png",
      "sizes": "512x512",
      "type": "image/png",
      "platform": "wide",
      "label": "Home page dell'applicazione"
    }
  ],
  "shortcuts": [
    {
      "name": "Area Cliente",
      "url": "/client-area",
      "description": "Accedi alla tua area personale",
      "icons": [
        {
          "src": "/icons/custom-icon-96x96.png",
          "sizes": "96x96",
          "type": "image/png"
        }
      ]
    }
  ],
  "related_applications": []
}